GROUP,PACKAGE,CLASS,INSTRUCTION_MISSED,INSTRUCTION_COVERED,BRANCH_MISSED,BRANCH_COVERED,LINE_MISSED,LINE_COVERED,COMPLEXITY_MISSED,COMPLEXITY_COVERED,METHOD_MISSED,METHOD_COVERED
Reimbursement,com.reimb.service,UserService,40,65,8,6,6,15,9,7,3,6
Reimbursement,com.reimb.service,ReimbService,57,92,13,9,10,16,16,6,5,6
Reimbursement,com.reimb.util,ConnectionUtil,3,35,0,2,2,11,0,4,0,3
Reimbursement,com.reimb.repo,ReimbDao,125,517,6,10,17,109,7,10,1,8
Reimbursement,com.reimb.repo,UserRoleDao,16,156,2,4,10,46,4,6,2,5
Reimbursement,com.reimb.repo,UserDao,26,426,4,6,17,111,5,10,1,9
Reimbursement,com.reimb.repo,ReimbTypeDao,16,159,2,4,10,47,4,6,2,5
Reimbursement,com.reimb.repo,ReimbStatusDao,16,159,2,4,10,47,4,6,2,5
Reimbursement,com.reimb.controller,ReimbController,130,229,8,8,36,60,12,7,4,7
Reimbursement,com.reimb.controller,UserController,31,187,10,10,7,39,11,5,1,5
Reimbursement,com.reimb.controller,LoginController,63,105,6,6,14,28,7,4,1,4
